{
  "andhra-pradesh": {
    "name": "Andhra Pradesh",
    "cities": ["anatapur", "chittoor", "east-godavari", "guntur", "krishna", "kurnool", "nellore", "prakasam", "srikakulam", "visakhapatnam", "vizianagaram", "west-godavari", "ysr-kadapa"]
  },
  "arunachal-pradesh": {
    "name": "Arunachal Pradesh",
    "cities": ["tawang", "west-kameng", "east-kameng", "papum-pare", "kurung-kumey", "kra-daadi", "lower-subansiri", "upper-subansiri", "west-siang", "east-siang", "upper-siang", "lower-siang", "siang", "changlang", "tirap", "longding", "namsai", "lower-dibang-valley", "dibang-valley", "anjaw", "lohit"]
  },
  "assam": {
    "name": "Assam",
    "cities": ["baksa", "barpeta", "biswanath", "bongaigaon", "cachar", "charaideo", "chirang", "darrang", "dhemaji", "dhubri", "dibrugarh", "goalpara", "golaghat", "hailakandi", "hojai", "jorhat", "kamrup", "kamrup-metro", "karbi-anglong", "karimganj", "kokrajhar", "lakhimpur", "majuli", "morigaon", "nagaon", "nalbari", "sivasagar", "sonitpur", "south-salmara", "tinsukia", "udalguri", "west-karbi-anglong"]
  },
  "bihar": {
    "name": "Bihar",
    "cities": ["araria", "arwal", "aurangabad", "banka", "begusarai", "bhagalpur", "bhojpur", "buxar", "darbhanga", "east-champaran", "gaya", "gopalganj", "jamui", "jehanabad", "kaimur", "katihar", "khagaria", "kishanganj", "lakhisarai", "madhepura", "madhubani", "munger", "muzaffarpur", "nalanda", "nawada", "patna", "purnia", "rohtas", "saharsa", "samastipur", "saran", "sheikhpura", "sheohar", "sitamarhi", "siwan", "supaul", "vaishali", "west-champaran"]
  },
  "chhattisgarh": {
    "name": "Chhattisgarh",
    "cities": ["balod", "baloda-bazar", "balrampur", "bastar", "bemetara", "bijapur", "bilaspur", "dantewada", "dhamtari", "durg", "gariaband", "janjgir-champa", "jashpur", "kabirdham", "kanker", "kondagaon", "korba", "koriya", "mahasamund", "mungeli", "narayanpur", "raigarh", "raipur", "rajnandgaon", "sukma", "surajpur", "surguja"]
  },
  "gujarat": {
    "name": "Gujarat",
    "cities": ["ahmedabad", "amreli", "anand", "aravalli", "banaskantha", "bharuch", "bhavnagar", "botad", "chhota-udepur", "dahod", "dang", "devbhoomi-dwarka", "gandhinagar", "gir-somnath", "jamnagar", "junagadh", "kachchh", "kheda", "mahesana", "morbi", "narmada", "navsari", "panchmahal", "patan", "porbandar", "rajkot", "sabarkantha", "surat", "surendranagar", "tapi", "vadodara", "valsad"]
  },
  "haryana": {
    "name": "Haryana",
    "cities": ["ambala", "bhiwani", "charkhi-dadri", "faridabad", "fatehabad", "gurugram", "hisar", "jhajjar", "jind", "kaithal", "karnal", "kurukshetra", "mahendragarh", "nuh", "palwal", "panchkula", "panipat", "rewari", "rohtak", "sirsa", "sonipat", "yamunanagar"]
  },
  "himachal-pradesh": {
    "name": "Himachal Pradesh",
    "cities": ["bilaspur", "chamba", "hamirpur", "kangra", "kinnaur", "kullu", "lahul-spiti", "mandi", "shimla", "sirmaur", "solan", "una"]
  },
  "jharkhand": {
    "name": "Jharkhand",
    "cities": ["bokaro", "chatra", "deoghar", "dhanbad", "dumka", "east-singhbhum", "garhwa", "giridih", "godda", "gumla", "hazaribagh", "jamtara", "khunti", "koderma", "latehar", "lohardaga", "pakur", "palamu", "ramgarh", "ranchi", "sahibganj", "saraikela-kharsawan", "simdega", "west-singhbhum"]
  },
  "karnataka": {
    "name": "Karnataka",
    "cities": ["bagalkot", "ballari", "belagavi", "bengaluru-rural", "bengaluru-urban", "bidar", "chamarajanagar", "chikkaballapur", "chikkamagaluru", "chitradurga", "dakshina-kannada", "davanagere", "dharwad", "gadag", "hassan", "haveri", "kalaburagi", "kodagu", "kolar", "koppal", "mandya", "mysuru", "raichur", "ramanagara", "shivamogga", "tumakuru", "udupi", "uttara-kannada", "vijayapura", "yadgir"]
  },
  "kerala": {
    "name": "Kerala",
    "cities": ["alappuzha", "ernakulam", "idukki", "kannur", "kasaragod", "kollam", "kottayam", "kozhikode", "malappuram", "palakkad", "pathanamthitta", "thiruvananthapuram", "thrissur", "wayanad"]
  },
  "madhya-pradesh": {
    "name": "Madhya Pradesh",
    "cities": ["agar-malwa", "alirajpur", "anuppur", "ashoknagar", "balaghat", "barwani", "betul", "bhind", "bhopal", "burhanpur", "chhatarpur", "chhindwara", "damoh", "datia", "dewas", "dhar", "dindori", "guna", "gwalior", "harda", "hoshangabad", "indore", "jabalpur", "jhabua", "katni", "khandwa", "khargone", "mandla", "mandsaur", "morena", "narsinghpur", "neemuch", "panna", "raisen", "rajgarh", "ratlam", "rewa", "sagar", "satna", "sehore", "seoni", "shahdol", "shajapur", "sheopur", "shivpuri", "sidhi", "singrauli", "tikamgarh", "ujjain", "umaria", "vidisha"]
  },
  "maharashtra": {
    "name": "Maharashtra",
    "cities": ["ahmednagar", "akola", "amravati", "aurangabad", "beed", "bhandara", "buldhana", "chandrapur", "dhule", "gadchiroli","goa", "gondia", "hingoli", "jalgaon", "jalna", "kolhapur", "latur", "mumbai-city", "mumbai-suburban", "nagpur", "nanded", "nandurbar", "nashik", "osmanabad", "palghar", "parbhani", "pune", "raigad", "ratnagiri", "sangli", "satara", "sindhudurg", "solapur", "thane", "wardha", "washim", "yavatmal"]
  },
  "manipur": {
    "name": "Manipur",
    "cities": ["bishnupur", "chandel", "churachandpur", "imphal-east", "imphal-west", "jiribam", "kakching", "kamjong", "kangpokpi", "noney", "pherzawl", "senapati", "tamenglong", "tengnoupal", "thoubal", "ukhrul"]
  },
  "meghalaya": {
    "name": "Meghalaya",
    "cities": ["east-garo-hills", "east-jaintia-hills", "east-khasi-hills", "north-garo-hills", "ri-bhoi", "south-garo-hills", "south-west-garo-hills", "south-west-jaintia-hills", "west-garo-hills", "west-jaintia-hills", "west-khasi-hills"]
  },
  "mizoram": {
    "name": "Mizoram",
    "cities": ["aizawl", "champhai", "kolasib", "lawngtlai", "lunglei", "mamit", "saiha", "serchhip", "hnahthial", "khawzawl", "saitual"]
  },
  "nagaland": {
    "name": "Nagaland",
    "cities": ["dimapur", "kiphire", "kohima", "longleng", "mokokchung", "mon", "peren", "phek", "tuensang", "wokha", "zunheboto"]
  },
  "odisha": {
    "name": "Odisha",
    "cities": ["angul", "boudh", "bhadrak", "balangir", "balasore", "bargarh", "deogarh", "dhenkanal", "gajapati", "ganjam", "jagatsinghpur", "jajpur", "jharsuguda", "kalahandi", "kandhamal", "kendrapara", "keonjhar", "khordha", "koraput", "malkangiri", "mayurbhanj", "nabarangpur", "nayagarh", "nuapada", "puri", "rayagada", "sambalpur", "sonepur", "sundargarh"]
  },
  "punjab": {
    "name": "Punjab",
    "cities": ["amritsar", "barnala", "bathinda", "faridkot", "fatehgarh-sahib", "fazilka", "ferozepur", "gurdaspur", "hoshiarpur", "jalandhar", "kapurthala", "ludhiana", "mansa", "moga", "muktsar", "nawanshahr", "pathankot", "patiala", "rupnagar", "sangrur", "sas-nagar", "tarn-taran"]
  },
  "rajasthan": {
    "name": "Rajasthan",
    "cities": ["ajmer", "alwar", "banswara", "baran", "barmer", "bharatpur", "bhilwara", "bikaner", "bundi", "chittorgarh", "churu", "dausa", "dholpur", "dungarpur", "hanumangarh", "jaipur", "jaisalmer", "jalore", "jhalawar", "jhunjhunu", "jodhpur", "karauli", "kota", "nagaur", "pali", "pratapgarh", "rajsamand", "sawai-madhopur", "sikar", "sirohi", "tonk", "udaipur"]
  },
  "sikkim": {
    "name": "Sikkim",
    "cities": ["east-sikkim", "north-sikkim", "south-sikkim", "west-sikkim"]
  },
  "tamil-nadu": {
    "name": "Tamil Nadu",
    "cities": ["ariyalur", "chengalpattu", "chennai", "coimbatore", "cuddalore", "dharmapuri", "dindigul", "erode", "kallakurichi", "kancheepuram", "karur", "krishnagiri", "madurai", "nagapattinam", "namakkal", "nilgiris", "perambalur", "pudukkottai", "ramanathapuram", "ranipet", "salem", "sivaganga", "tenkasi", "thanjavur", "theni", "thoothukudi", "tiruchirappalli", "tirunelveli", "tirupathur", "tiruppur", "tiruvallur", "tiruvannamalai", "tiruvarur", "vellore", "viluppuram", "virudhunagar"]
  },
  "telangana": {
    "name": "Telangana",
    "cities": ["adilabad", "bhadradri-kothagudem", "hyderabad", "jagtial", "jangaon", "jayashankar-bhupalpally", "jogulamba-gadwal", "kamareddy", "karimnagar", "khammam", "komaram-bheem", "mahabubabad", "mahabubnagar", "mancherial", "medak", "medchal-malkajgiri", "mulugu", "nagarkurnool", "nalgonda", "narayanpet", "nirmal", "nizamabad", "peddapalli", "rajanna-sircilla", "rangareddy", "sangareddy", "siddipet", "suryapet", "vikarabad", "wanaparthy", "warangal-rural", "warangal-urban", "yadadri-bhongir"]
  },
  "tripura": {
    "name": "Tripura",
    "cities": ["dhalai", "gomati", "khowai", "north-tripura", "sepahijala", "south-tripura", "unokoti", "west-tripura"]
  },
  "uttar-pradesh": {
    "name": "Uttar Pradesh",
    "cities": ["agra", "aligarh", "allahabad", "ambedkar-nagar", "amethi", "amroha", "auraiya", "azamgarh", "baghpat", "bahraich", "ballia", "balrampur", "banda", "bara-banki", "bareilly", "basti", "bhadohi", "bijnor", "budaun", "bulandshahr", "chandauli", "chitrakoot", "deoria", "etah", "etawah", "faizabad", "farrukhabad", "fatehpur", "firozabad", "gautam-budh-nagar", "ghaziabad", "ghazipur", "gonda", "gorakhpur", "hamirpur", "hardoi", "hathras", "jalaun", "jaunpur", "jhansi", "kannauj", "kanpur-dehat", "kanpur-nagar", "kasganj", "kaushambi", "kushinagar", "lalitpur", "lucknow", "maharajganj", "mahoba", "mainpuri", "mathura", "mau", "meerut", "mirzapur", "moradabad", "muzaffarnagar", "pilibhit", "pratapgarh", "rae-bareli", "rampur", "saharanpur", "sambhal", "sant-kabir-nagar", "shahjahanpur", "shamli", "shravasti", "siddharthnagar", "sitapur", "sonbhadra", "sultanpur", "unnao", "varanasi"]
  },
  "uttarakhand": {
    "name": "Uttarakhand",
    "cities": ["almora", "bageshwar", "chamoli", "champawat", "dehradun", "haridwar", "nainital", "pauri-garhwal", "pithoragarh", "rudraprayag", "tehri-garhwal", "udham-singh-nagar", "uttarkashi"]
  },
  "west-bengal": {
    "name": "West Bengal",
    "cities": ["alipurduar", "bankura", "birbhum", "cooch-behar", "dakshin-dinajpur", "darjeeling", "hooghly", "howrah", "jalpaiguri", "jhargram", "kalimpong", "kolkata", "malda", "murshidabad", "nadia", "north-24-parganas", "paschim-bardhaman", "paschim-medinipur", "purba-bardhaman", "purba-medinipur", "purulia", "south-24-parganas", "uttar-dinajpur"]
  },
  "andaman-nicobar": {
    "name": "Andaman & Nicobar",
    "cities": ["nicobar", "north-and-middle-andaman", "south-andaman"]
  },
  "chandigarh": {
    "name": "Chandigarh",
    "cities": ["chandigarh"]
  },
  "dadra-nagar-haveli-daman-diu": {
    "name": "Dadra & Nagar Haveli and Daman & Diu",
    "cities": ["dadra-nagar-haveli", "daman", "diu"]
  },
  "delhi": {
    "name": "Delhi",
    "cities": ["new-delhi", "central-delhi", "east-delhi", "north-delhi", "north-east-delhi", "north-west-delhi", "shahdara", "south-delhi", "south-east-delhi", "south-west-delhi", "west-delhi"]
  },
  "jammu-kashmir": {
    "name": "Jammu & Kashmir",
    "cities": ["anantnag", "bandipora", "baramulla", "budgam", "doda", "ganderbal", "jammu", "kathua", "kishtwar", "kulgam", "kupwara", "poonch", "pulwama", "rajouri", "ramban", "reasi", "samba", "shopian", "srinagar", "udhampur"]
  },
  "ladakh": {
    "name": "Ladakh",
    "cities": ["kargil", "leh"]
  },
  "lakshadweep": {
    "name": "Lakshadweep",
    "cities": ["agatti", "amini", "andrott", "bitra", "chethlath", "kadmat", "kalpeni", "kavaratti", "kilthan", "minicoy"]
  },
  "puducherry": {
    "name": "Puducherry",
    "cities": ["karaikal", "mahe", "puducherry", "yanam"]
  }
}
